id,category_id,question,answer,difficulty,points,options
q_hist_1,history,متى كانت غزوة بدر؟,2 هجري,متوسط,10,1 هجري | 2 هجري | 3 هجري | 4 هجري
q_geo_1,geography,ما هي أكبر دولة عربية من حيث المساحة؟,الجزائر,سهل,5,السعودية | مصر | الجزائر | ليبيا
q_sci_1,science,ما هو العنصر الأكثر وفرة في الكون؟,الهيدروجين,متوسط,10,الأكسجين | الهيدروجين | الكربون | الهيليوم
q_sport_1,sports,كم مرة فازت البرازيل بكأس العالم؟,5 مرات,متوسط,10,3 مرات | 4 مرات | 5 مرات | 6 مرات
q_lit_1,literature,من هو شاعر النيل؟,حافظ إبراهيم,متوسط,10,أحمد شوقي | حافظ إبراهيم | نزار قباني | محمود درويش
q_history_6,history,متى فُتحت مكة المكرمة؟,8 هجري,متوسط,10,6 هجري | 7 هجري | 8 هجري | 9 هجري
q_history_7,history,من هو القائد المسلم الذي فتح الأندلس؟,طارق بن زياد,سهل,5,خالد بن الوليد | طارق بن زياد | عمرو بن العاص | سعد بن أبي وقاص
q_history_8,history,في أي عام سقطت الدولة العباسية؟,656 هجري,صعب,15,656 هجري | 750 هجري | 492 هجري | 923 هجري
q_history_9,history,ما هو اسم أول دولة إسلامية في التاريخ؟,دولة المدينة المنورة,متوسط,10,الدولة الأموية | دولة المدينة المنورة | الدولة العباسية | دولة الخلفاء الراشدين
q_history_10,history,كم استمرت الحرب العالمية الأولى؟,4 سنوات,سهل,5,3 سنوات | 4 سنوات | 5 سنوات | 6 سنوات
q_geography_11,geography,ما هي عاصمة الأردن؟,عمّان,سهل,5,عمّان | إربد | العقبة | الزرقاء
q_geography_12,geography,أين يقع أطول نهر في العالم؟,أفريقيا,متوسط,10,آسيا | أفريقيا | أمريكا الجنوبية | أوروبا
q_geography_13,geography,كم عدد الدول العربية؟,22 دولة,سهل,5,20 دولة | 21 دولة | 22 دولة | 23 دولة
q_geography_14,geography,ما هي أعمق نقطة في المحيطات؟,خندق ماريانا,صعب,15,خندق ماريانا | خندق بورتوريكو | خندق جاوة | خندق اليابان
q_geography_15,geography,أين تقع صحراء الربع الخالي؟,السعودية,متوسط,10,مصر | السعودية | ليبيا | الجزائر
q_science_16,science,كم عدد الكواكب في المجموعة الشمسية؟,8 كواكب,سهل,5,7 كواكب | 8 كواكب | 9 كواكب | 10 كواكب
q_science_17,science,ما هي وحدة قياس التيار الكهربائي؟,الأمبير,متوسط,10,الفولت | الأمبير | الأوم | الواط
q_science_18,science,من اكتشف البنسلين؟,ألكسندر فلمنغ,متوسط,10,لويس باستور | ألكسندر فلمنغ | روبرت كوخ | جوزيف ليستر
q_science_19,science,ما هو أسرع كائن حي على الأرض؟,الفهد,سهل,5,النمر | الأسد | الفهد | الغزال
q_science_20,science,كم عدد العظام في جسم الإنسان البالغ؟,206 عظمة,متوسط,10,186 عظمة | 196 عظمة | 206 عظمة | 216 عظمة
q_sports_21,sports,في أي عام أقيمت أول بطولة لكأس العالم؟,1930,متوسط,10,1928 | 1930 | 1932 | 1934
q_sports_22,sports,كم عدد اللاعبين في فريق كرة السلة؟,5 لاعبين,سهل,5,4 لاعبين | 5 لاعبين | 6 لاعبين | 7 لاعبين
q_sports_23,sports,من هو اللاعب الملقب بـ 'الظاهرة'؟,رونالدو البرازيلي,متوسط,10,بيليه | مارادونا | رونالدو البرازيلي | زيدان
q_sports_24,sports,كم مدة الشوط الواحد في كرة القدم؟,45 دقيقة,سهل,5,40 دقيقة | 45 دقيقة | 50 دقيقة | 60 دقيقة
q_sports_25,sports,أين أقيمت دورة الألعاب الأولمبية عام 2016؟,ريو دي جانيرو,متوسط,10,لندن | بكين | ريو دي جانيرو | طوكيو
q_literature_26,literature,من كتب رواية 'ألف ليلة وليلة'؟,مؤلف مجهول,متوسط,10,الجاحظ | المتنبي | مؤلف مجهول | ابن المقفع
q_literature_27,literature,من هو أمير الشعراء؟,أحمد شوقي,سهل,5,أحمد شوقي | حافظ إبراهيم | بدر شاكر السياب | نزار قباني
q_literature_28,literature,من مؤلف كتاب 'البخلاء'؟,الجاحظ,متوسط,10,الجاحظ | ابن خلدون | المعري | ابن رشد
q_literature_29,literature,ما هي أشهر قصيدة للمتنبي؟,واحر قلباه,صعب,15,واحر قلباه | أراك عصي الدمع | قفا نبك | لامية العرب
q_literature_30,literature,من كتب رواية 'موسم الهجرة إلى الشمال'؟,الطيب صالح,متوسط,10,نجيب محفوظ | الطيب صالح | غسان كنفاني | حنا مينه
q_religion_31,religion,كم عدد أركان الإسلام؟,5 أركان,سهل,5,3 أركان | 4 أركان | 5 أركان | 6 أركان
q_religion_32,religion,في أي شهر نزل القرآن الكريم؟,رمضان,سهل,5,رجب | شعبان | رمضان | شوال
q_religion_33,religion,كم عدد السور المكية في القرآن؟,86 سورة,صعب,15,82 سورة | 84 سورة | 86 سورة | 88 سورة
q_religion_34,religion,من هو خاتم الأنبياء؟,محمد صلى الله عليه وسلم,سهل,5,عيسى عليه السلام | موسى عليه السلام | إبراهيم عليه السلام | محمد صلى الله عليه وسلم
q_religion_35,religion,كم مرة ورد اسم محمد في القرآن؟,4 مرات,متوسط,10,3 مرات | 4 مرات | 5 مرات | 6 مرات
q_general_36,general,ما هي عملة اليابان؟,الين,متوسط,10,اليوان | الين | الوون | الروبية
q_general_37,general,كم لوناً في قوس قزح؟,7 ألوان,سهل,5,5 ألوان | 6 ألوان | 7 ألوان | 8 ألوان
q_general_38,general,ما هي أصغر دولة في العالم؟,الفاتيكان,متوسط,10,موناكو | الفاتيكان | سان مارينو | ليختنشتاين
q_general_39,general,من اخترع المصباح الكهربائي؟,توماس إديسون,سهل,5,ألكسندر بيل | توماس إديسون | نيكولا تسلا | بنجامين فرانكلين
q_general_40,general,كم يوماً في السنة الكبيسة؟,366 يوماً,سهل,5,364 يوماً | 365 يوماً | 366 يوماً | 367 يوماً
q_entertainment_41,entertainment,من أخرج فيلم 'الرسالة'؟,مصطفى العقاد,متوسط,10,يوسف شاهين | مصطفى العقاد | هنري بركات | صلاح أبو سيف
q_entertainment_42,entertainment,ما هو أول فيلم كرتوني طويل من إنتاج ديزني؟,سنو وايت والأقزام السبعة,متوسط,10,سندريلا | سنو وايت والأقزام السبعة | بينوكيو | بامبي
q_entertainment_43,entertainment,من غنى أغنية 'أم كلثوم' الشهيرة 'ألف ليلة وليلة'؟,أم كلثوم,سهل,5,فيروز | أم كلثوم | وردة | أسمهان
q_entertainment_44,entertainment,في أي عام صدر فيلم تايتانيك؟,1997,متوسط,10,1995 | 1996 | 1997 | 1998
q_entertainment_45,entertainment,من هو الملقب بـ 'موسيقار الأجيال'؟,محمد عبد الوهاب,متوسط,10,محمد عبد الوهاب | بليغ حمدي | سيد درويش | رياض السنباطي
q_technology_46,technology,من أسس شركة مايكروسوفت؟,بيل غيتس,سهل,5,ستيف جوبز | بيل غيتس | مارك زوكربيرغ | لاري بيج
q_technology_47,technology,ما هو نظام التشغيل الأكثر استخداماً في الهواتف الذكية؟,أندرويد,سهل,5,iOS | أندرويد | ويندوز | بلاك بيري
q_technology_48,technology,في أي عام أُطلق موقع فيسبوك؟,2004,متوسط,10,2002 | 2003 | 2004 | 2005
q_technology_49,technology,ما معنى HTML؟,لغة توصيف النص الفائق,صعب,15,لغة برمجة عالية | لغة توصيف النص الفائق | بروتوكول نقل النص | لغة الآلة المترجمة
q_technology_50,technology,من اخترع الهاتف؟,ألكسندر غراهام بيل,متوسط,10,توماس إديسون | ألكسندر غراهام بيل | نيكولا تسلا | غوليلمو ماركوني
q_arabic_culture_51,arabic_culture,ما هي أقدم جامعة في العالم العربي؟,جامعة القرويين,صعب,15,الأزهر | القرويين | الزيتونة | المستنصرية
q_arabic_culture_52,arabic_culture,كم عدد الحروف في اللغة العربية؟,28 حرفاً,سهل,5,26 حرفاً | 27 حرفاً | 28 حرفاً | 29 حرفاً
q_arabic_culture_53,arabic_culture,ما هو الطبق الشعبي الأشهر في السعودية؟,الكبسة,سهل,5,المنسف | الكبسة | المجبوس | البرياني
q_arabic_culture_54,arabic_culture,من صمم العلم السعودي الحالي؟,حافظ وهبة,صعب,15,حافظ وهبة | أحمد إبراهيم | محمد المانع | عبد العزيز التويجري
q_arabic_culture_55,arabic_culture,ما هي أشهر رقصة شعبية في الخليج؟,العرضة,متوسط,10,الدبكة | العرضة | التنورة | الخطوة
q_history_56,history,متى كانت معركة القادسية؟,15 هجري,متوسط,10,13 هجري | 14 هجري | 15 هجري | 16 هجري
q_history_57,history,من هو مؤسس الدولة الأموية؟,معاوية بن أبي سفيان,سهل,5,عمر بن عبد العزيز | معاوية بن أبي سفيان | عبد الملك بن مروان | يزيد بن معاوية
q_history_58,history,كم سنة دام حكم الدولة العثمانية؟,600 سنة تقريباً,صعب,15,400 سنة | 500 سنة | 600 سنة تقريباً | 700 سنة
q_history_59,history,من هو آخر خلفاء الدولة العباسية؟,المستعصم بالله,صعب,15,المستنصر بالله | المستعصم بالله | الظاهر بأمر الله | المستكفي بالله
q_history_60,history,في أي عام وقعت نكبة فلسطين؟,1948,متوسط,10,1946 | 1947 | 1948 | 1949
q_geography_61,geography,ما هي عاصمة المغرب؟,الرباط,متوسط,10,الدار البيضاء | الرباط | فاس | مراكش
q_geography_62,geography,كم عدد محافظات الكويت؟,6 محافظات,متوسط,10,4 محافظات | 5 محافظات | 6 محافظات | 7 محافظات
q_geography_63,geography,أين يقع جبل طويق؟,السعودية,متوسط,10,الأردن | السعودية | عُمان | اليمن
q_geography_64,geography,ما هو أطول نهر في الوطن العربي؟,نهر النيل,سهل,5,نهر الفرات | نهر دجلة | نهر النيل | نهر الأردن
q_geography_65,geography,كم مضيق يربط بين البحر الأحمر والمحيط الهندي؟,مضيق باب المندب,متوسط,10,مضيق هرمز | مضيق باب المندب | مضيق جبل طارق | قناة السويس
q_science_66,science,ما هي أكبر غدة في جسم الإنسان؟,الكبد,متوسط,10,البنكرياس | الكبد | الغدة الدرقية | الغدة النخامية
q_science_67,science,كم قلباً للأخطبوط؟,3 قلوب,صعب,15,قلب واحد | قلبان | 3 قلوب | 4 قلوب
q_science_68,science,ما هو الغاز الأكثر وفرة في الغلاف الجوي؟,النيتروجين,متوسط,10,الأكسجين | النيتروجين | ثاني أكسيد الكربون | الأرجون
q_science_69,science,كم عدد أسنان الإنسان البالغ؟,32 سناً,سهل,5,28 سناً | 30 سناً | 32 سناً | 34 سناً
q_science_70,science,ما هي السرعة التي ينتقل بها الضوء؟,"300,000 كم/ثانية",متوسط,10,"150,000 كم/ثانية | 200,000 كم/ثانية | 300,000 كم/ثانية | 400,000 كم/ثانية"
q_sports_71,sports,كم عدد اللاعبين في فريق الكرة الطائرة؟,6 لاعبين,متوسط,10,4 لاعبين | 5 لاعبين | 6 لاعبين | 7 لاعبين
q_sports_72,sports,من فاز بكأس العالم 2018؟,فرنسا,سهل,5,البرازيل | ألمانيا | فرنسا | كرواتيا
q_sports_73,sports,كم مرة فاز ريال مدريد بدوري أبطال أوروبا؟,14 مرة,متوسط,10,12 مرة | 13 مرة | 14 مرة | 15 مرة
q_sports_74,sports,في أي رياضة يُستخدم مصطلح 'البيردي'؟,الجولف,صعب,15,التنس | الجولف | البيسبول | الكريكيت
q_sports_75,sports,كم دقيقة في مباراة كرة السلة؟,48 دقيقة,متوسط,10,40 دقيقة | 45 دقيقة | 48 دقيقة | 60 دقيقة
q_literature_76,literature,من كتب 'كليلة ودمنة'؟,ابن المقفع,متوسط,10,ابن المقفع | الجاحظ | ابن قتيبة | ابن خلدون
q_literature_77,literature,ما هي جائزة نوبل التي فاز بها نجيب محفوظ؟,الأدب,سهل,5,السلام | الأدب | الطب | الاقتصاد
q_literature_78,literature,من هو صاحب معلقة 'قفا نبك'؟,امرؤ القيس,متوسط,10,امرؤ القيس | عنترة بن شداد | زهير بن أبي سلمى | طرفة بن العبد
q_literature_79,literature,كم عدد المعلقات السبع؟,7 معلقات,سهل,5,5 معلقات | 6 معلقات | 7 معلقات | 10 معلقات
q_literature_80,literature,من كتب رواية 'الأيام'؟,طه حسين,متوسط,10,طه حسين | عباس محمود العقاد | توفيق الحكيم | يوسف إدريس
q_religion_81,religion,كم عدد أجزاء القرآن الكريم؟,30 جزءاً,سهل,5,28 جزءاً | 29 جزءاً | 30 جزءاً | 32 جزءاً
q_religion_82,religion,ما هي أول آية نزلت من القرآن؟,اقرأ باسم ربك الذي خلق,متوسط,10,الحمد لله رب العالمين | اقرأ باسم ربك الذي خلق | قل هو الله أحد | بسم الله الرحمن الرحيم
q_religion_83,religion,كم عدد الأنبياء المذكورين في القرآن؟,25 نبياً,صعب,15,20 نبياً | 22 نبياً | 25 نبياً | 30 نبياً
q_religion_84,religion,ما هي السورة الملقبة بقلب القرآن؟,سورة يس,متوسط,10,سورة الفاتحة | سورة البقرة | سورة يس | سورة الرحمن
q_religion_85,religion,في أي غار نزل الوحي على النبي محمد؟,غار حراء,سهل,5,غار ثور | غار حراء | غار المرسلات | غار الأراك
q_general_86,general,كم قارة في العالم؟,7 قارات,سهل,5,5 قارات | 6 قارات | 7 قارات | 8 قارات
q_general_87,general,ما هو أكبر محيط في العالم؟,المحيط الهادئ,متوسط,10,المحيط الأطلسي | المحيط الهندي | المحيط الهادئ | المحيط المتجمد الشمالي
q_general_88,general,كم دولة في الاتحاد الأوروبي؟,27 دولة,صعب,15,25 دولة | 26 دولة | 27 دولة | 28 دولة
q_general_89,general,ما هي عاصمة أستراليا؟,كانبرا,متوسط,10,سيدني | ملبورن | كانبرا | بيرث
q_general_90,general,كم ساعة في الأسبوع؟,168 ساعة,متوسط,10,144 ساعة | 156 ساعة | 168 ساعة | 172 ساعة
q_entertainment_91,entertainment,من هو مخرج فيلم 'المومياء' المصري؟,شادي عبد السلام,صعب,15,يوسف شاهين | شادي عبد السلام | صلاح أبو سيف | هنري بركات
q_entertainment_92,entertainment,كم جائزة أوسكار فاز بها فيلم تايتانيك؟,11 جائزة,متوسط,10,9 جوائز | 10 جوائز | 11 جائزة | 12 جائزة
q_entertainment_93,entertainment,من غنى 'ثورة الشك'؟,عبد الحليم حافظ,متوسط,10,محمد عبد الوهاب | عبد الحليم حافظ | فريد الأطرش | محمد فوزي
q_entertainment_94,entertainment,في أي عام توفيت أم كلثوم؟,1975,صعب,15,1973 | 1974 | 1975 | 1976
q_entertainment_95,entertainment,من هو بطل فيلم 'الكيت كات'؟,محمود عبد العزيز,متوسط,10,أحمد زكي | محمود عبد العزيز | نور الشريف | عادل إمام
q_technology_96,technology,في أي عام أُطلق أول آيفون؟,2007,متوسط,10,2005 | 2006 | 2007 | 2008
q_technology_97,technology,ما هو أول محرك بحث على الإنترنت؟,Archie,صعب,15,Google | Yahoo | Archie | AltaVista
q_technology_98,technology,من مؤسس شركة أمازون؟,جيف بيزوس,سهل,5,إيلون ماسك | جيف بيزوس | وارن بافيت | لاري إليسون
q_technology_99,technology,ما معنى WiFi؟,Wireless Fidelity,متوسط,10,Wireless Fidelity | Wide Fidelity | Wireless Internet | Wide Internet
q_technology_100,technology,كم بت في البايت الواحد؟,8 بت,متوسط,10,4 بت | 6 بت | 8 بت | 16 بت
q_arabic_culture_101,arabic_culture,ما هو أشهر سوق تراثي في السعودية؟,سوق عكاظ,متوسط,10,سوق واقف | سوق عكاظ | سوق الحميدية | خان الخليلي
q_arabic_culture_102,arabic_culture,ما هي عاصمة الثقافة العربية لعام 2022؟,الكويت,صعب,15,الرياض | القاهرة | الكويت | عمّان
q_arabic_culture_103,arabic_culture,كم برجاً في أبراج الكويت؟,3 أبراج,سهل,5,2 برج | 3 أبراج | 4 أبراج | 5 أبراج
q_arabic_culture_104,arabic_culture,ما هو اللباس التقليدي للرجال في الخليج؟,الثوب والغترة,سهل,5,الجلابية | الثوب والغترة | القفطان | السروال
q_arabic_culture_105,arabic_culture,في أي مدينة يقع المسجد الأقصى؟,القدس,سهل,5,مكة | المدينة | القدس | دمشق
q_arabic_culture_106,arabic_culture,متى استقلت الكويت؟,1961,متوسط,10,1959 | 1960 | 1961 | 1962
q_geography_107,geography,كم جزيرة تتبع دولة الكويت؟,9 جزر,صعب,15,7 جزر | 8 جزر | 9 جزر | 10 جزر
q_history_108,history,من هو مؤسس دولة الكويت الحديثة؟,الشيخ صباح الأول,متوسط,10,الشيخ مبارك الصباح | الشيخ صباح الأول | الشيخ جابر الأول | الشيخ أحمد الجابر
q_sports_109,sports,في أي عام فازت الكويت بكأس الخليج لأول مرة؟,1970,صعب,15,1968 | 1970 | 1972 | 1974
q_general_110,general,ما هو شعار دولة الكويت؟,صقر,سهل,5,نسر | صقر | غزال | حصان
q_history_111,history,متى توحدت المملكة العربية السعودية؟,1932,متوسط,10,1930 | 1931 | 1932 | 1933
q_geography_112,geography,كم منطقة إدارية في السعودية؟,13 منطقة,متوسط,10,11 منطقة | 12 منطقة | 13 منطقة | 14 منطقة
q_arabic_culture_113,arabic_culture,ما هو الزي الرسمي للنساء في السعودية؟,العباءة,سهل,5,الجلابية | العباءة | الثوب | البرقع
q_general_114,general,كم نخلة في شعار السعودية؟,نخلة واحدة,متوسط,10,نخلة واحدة | نخلتان | ثلاث نخلات | لا توجد نخلة
q_religion_115,religion,كم مرة يؤدي المسلمون العمرة في السعودية سنوياً؟,على مدار السنة,سهل,5,مرة واحدة | مرتان | في رمضان فقط | على مدار السنة
q_history_116,history,من هو أول خليفة أموي؟,معاوية بن أبي سفيان,متوسط,10,أبو بكر الصديق | عمر بن الخطاب | معاوية بن أبي سفيان | عبد الملك بن مروان
q_history_117,history,متى انتهت الحرب العالمية الثانية؟,1945,سهل,5,1943 | 1944 | 1945 | 1946
q_history_118,history,كم سنة استمرت الحضارة الفرعونية؟,3000 سنة,صعب,15,2000 سنة | 2500 سنة | 3000 سنة | 3500 سنة
q_history_119,history,من هو فاتح القسطنطينية؟,محمد الفاتح,متوسط,10,سليمان القانوني | محمد الفاتح | بايزيد الأول | مراد الثاني
q_history_120,history,في أي عام تأسست جامعة الدول العربية؟,1945,متوسط,10,1943 | 1944 | 1945 | 1946
q_history_121,history,من هو صلاح الدين الأيوبي؟,محرر القدس من الصليبيين,سهل,5,خليفة عباسي | محرر القدس من الصليبيين | سلطان عثماني | أمير أموي
q_history_122,history,متى كانت معركة عين جالوت؟,658 هجري,صعب,15,656 هجري | 657 هجري | 658 هجري | 659 هجري
q_history_123,history,من بنى مدينة بغداد؟,أبو جعفر المنصور,متوسط,10,هارون الرشيد | أبو جعفر المنصور | المأمون | المعتصم بالله
q_geography_124,geography,ما هي أكبر صحراء في العالم؟,الصحراء الكبرى,متوسط,10,صحراء الربع الخالي | الصحراء الكبرى | صحراء جوبي | صحراء كالاهاري
q_geography_125,geography,كم دولة تطل على البحر الأبيض المتوسط؟,22 دولة,صعب,15,18 دولة | 20 دولة | 22 دولة | 24 دولة
q_geography_126,geography,أين يقع بحر الميت؟,بين الأردن وفلسطين,سهل,5,بين مصر والسودان | بين الأردن وفلسطين | في تركيا | في إيران
q_geography_127,geography,ما هي عاصمة لبنان؟,بيروت,سهل,5,دمشق | بيروت | عمان | القاهرة
q_geography_128,geography,كم عدد الإمارات في دولة الإمارات؟,7 إمارات,متوسط,10,5 إمارات | 6 إمارات | 7 إمارات | 8 إمارات
q_geography_129,geography,ما هو أعلى جبل في الوطن العربي؟,جبل توبقال,صعب,15,جبل سانت كاترين | جبل توبقال | جبل شمس | جبل اللوز
q_geography_130,geography,أين تقع مدينة تدمر الأثرية؟,سوريا,متوسط,10,الأردن | سوريا | العراق | لبنان
q_geography_131,geography,كم مضيق يفصل بين آسيا وأوروبا؟,مضيقان,متوسط,10,مضيق واحد | مضيقان | ثلاثة مضائق | أربعة مضائق
q_science_132,science,ما هو أقرب كوكب للشمس؟,عطارد,سهل,5,الزهرة | عطارد | الأرض | المريخ
q_science_133,science,كم عدد أضلاع القفص الصدري للإنسان؟,24 ضلعاً,متوسط,10,20 ضلعاً | 22 ضلعاً | 24 ضلعاً | 26 ضلعاً
q_science_134,science,ما هي درجة غليان الماء؟,100 درجة مئوية,سهل,5,90 درجة | 100 درجة مئوية | 110 درجة | 120 درجة
q_science_135,science,من هو مكتشف قانون الجاذبية؟,إسحاق نيوتن,متوسط,10,ألبرت أينشتاين | إسحاق نيوتن | جاليليو | كوبرنيكوس
q_science_136,science,كم يستغرق ضوء الشمس للوصول إلى الأرض؟,8 دقائق,صعب,15,4 دقائق | 6 دقائق | 8 دقائق | 10 دقائق
q_science_137,science,ما هو أكبر عضو داخلي في جسم الإنسان؟,الكبد,متوسط,10,القلب | الرئتان | الكبد | المعدة
q_science_138,science,كم عدد فقرات العمود الفقري؟,33 فقرة,صعب,15,31 فقرة | 32 فقرة | 33 فقرة | 34 فقرة
q_science_139,science,ما هو الحيوان الأطول في العالم؟,الزرافة,سهل,5,الفيل | الزرافة | الجمل | النعامة
q_sports_140,sports,كم لاعباً في فريق الهوكي؟,6 لاعبين,صعب,15,5 لاعبين | 6 لاعبين | 7 لاعبين | 8 لاعبين
q_sports_141,sports,من هو الهداف التاريخي للمنتخب السعودي؟,ماجد عبد الله,متوسط,10,سامي الجابر | ماجد عبد الله | ياسر القحطاني | محمد الدعيع
q_sports_142,sports,كم مرة استضافت قطر كأس آسيا؟,مرتان,صعب,15,مرة واحدة | مرتان | ثلاث مرات | لم تستضفها
q_sports_143,sports,في أي عام فازت مصر بكأس أفريقيا لأول مرة؟,1957,صعب,15,1955 | 1956 | 1957 | 1958
q_sports_144,sports,كم عدد اللاعبين في فريق البيسبول؟,9 لاعبين,صعب,15,7 لاعبين | 8 لاعبين | 9 لاعبين | 10 لاعبين
q_sports_145,sports,من هو أفضل لاعب في العالم لعام 2023؟,ليونيل ميسي,سهل,5,كريستيانو رونالدو | ليونيل ميسي | كيليان مبابي | إيرلينج هالاند
q_sports_146,sports,كم دقيقة في الشوط الإضافي في كرة القدم؟,15 دقيقة,متوسط,10,10 دقائق | 15 دقيقة | 20 دقيقة | 30 دقيقة
q_sports_147,sports,في أي دولة نشأت رياضة الكاراتيه؟,اليابان,متوسط,10,الصين | اليابان | كوريا | تايلاند
q_literature_148,literature,من كتب 'رباعيات الخيام'؟,عمر الخيام,متوسط,10,أبو نواس | عمر الخيام | المتنبي | أبو العلاء المعري
q_literature_149,literature,ما هو الكتاب الأكثر مبيعاً بعد القرآن والإنجيل؟,الأمير لميكافيلي,صعب,15,ألف ليلة وليلة | الأمير لميكافيلي | دون كيخوته | الحرب والسلام
q_literature_150,literature,من هو مؤلف 'زقاق المدق'؟,نجيب محفوظ,سهل,5,نجيب محفوظ | يوسف إدريس | توفيق الحكيم | إحسان عبد القدوس
q_literature_151,literature,كم بيتاً في القصيدة؟,يختلف حسب القصيدة,سهل,5,10 أبيات | 20 بيتاً | يختلف حسب القصيدة | 100 بيت
q_literature_152,literature,من هو شاعر الفلاسفة؟,أبو العلاء المعري,متوسط,10,المتنبي | أبو تمام | أبو العلاء المعري | البحتري
q_literature_153,literature,من كتب 'الحرافيش'؟,نجيب محفوظ,متوسط,10,طه حسين | نجيب محفوظ | يوسف السباعي | إحسان عبد القدوس
q_literature_154,literature,ما هي أطول سورة في القرآن؟,سورة البقرة,سهل,5,سورة آل عمران | سورة البقرة | سورة النساء | سورة المائدة
q_literature_155,literature,من هو مؤلف 'رسالة الغفران'؟,أبو العلاء المعري,صعب,15,الجاحظ | ابن المقفع | أبو العلاء المعري | ابن خلدون
q_religion_156,religion,كم عدد الصلوات المفروضة؟,5 صلوات,سهل,5,3 صلوات | 4 صلوات | 5 صلوات | 6 صلوات
q_religion_157,religion,ما هي أطول آية في القرآن؟,آية الدين,صعب,15,آية الكرسي | آية الدين | آية النور | آية المواريث
q_religion_158,religion,كم مرة ذُكر اسم مريم في القرآن؟,34 مرة,صعب,15,24 مرة | 30 مرة | 34 مرة | 40 مرة
q_religion_159,religion,ما هي السورة التي لا تبدأ بالبسملة؟,سورة التوبة,متوسط,10,سورة النمل | سورة التوبة | سورة الفاتحة | سورة البقرة
q_religion_160,religion,كم عدد أبواب الجنة؟,8 أبواب,متوسط,10,6 أبواب | 7 أبواب | 8 أبواب | 9 أبواب
q_religion_161,religion,من هو النبي الذي لُقب بكليم الله؟,موسى عليه السلام,سهل,5,إبراهيم | موسى عليه السلام | عيسى | محمد
q_religion_162,religion,في أي يوم من أيام الأسبوع خُلق آدم؟,يوم الجمعة,متوسط,10,يوم الإثنين | يوم الأربعاء | يوم الجمعة | يوم الأحد
q_religion_163,religion,كم سنة نام أصحاب الكهف؟,309 سنة,صعب,15,100 سنة | 200 سنة | 309 سنة | 400 سنة
q_general_164,general,كم لتراً في المتر المكعب؟,1000 لتر,متوسط,10,100 لتر | 500 لتر | 1000 لتر | 10000 لتر
q_general_165,general,ما هو الرقم الروماني لـ 50؟,L,صعب,15,X | V | L | C
q_general_166,general,كم شهراً في السنة له 31 يوماً؟,7 أشهر,متوسط,10,5 أشهر | 6 أشهر | 7 أشهر | 8 أشهر
q_general_167,general,ما هي اللغة الرسمية في البرازيل؟,البرتغالية,متوسط,10,الإسبانية | البرتغالية | الإنجليزية | الفرنسية
q_general_168,general,كم عدد أيام شهر فبراير في السنة الكبيسة؟,29 يوماً,سهل,5,28 يوماً | 29 يوماً | 30 يوماً | 31 يوماً
q_general_169,general,ما هو أثقل المعادن؟,الأوزميوم,صعب,15,الذهب | الرصاص | الأوزميوم | البلاتين
q_general_170,general,كم زاوية في المثلث؟,3 زوايا,سهل,5,2 زاوية | 3 زوايا | 4 زوايا | 5 زوايا
q_general_171,general,ما هو الحيوان الذي ينام واقفاً؟,الحصان,متوسط,10,الجمل | الحصان | البقرة | الفيل
q_entertainment_172,entertainment,من هو مخرج فيلم 'العار'؟,علي عبد الخالق,صعب,15,يوسف شاهين | علي عبد الخالق | صلاح أبو سيف | عاطف الطيب
q_entertainment_173,entertainment,كم فيلماً مثل فيه عادل إمام؟,أكثر من 100 فيلم,متوسط,10,50 فيلماً | 75 فيلماً | أكثر من 100 فيلم | 150 فيلماً
q_entertainment_174,entertainment,من غنت 'ست الحبايب'؟,فيروز,سهل,5,أم كلثوم | فيروز | وردة | نجاة الصغيرة
q_entertainment_175,entertainment,في أي عام عُرض مسلسل 'باب الحارة' لأول مرة؟,2006,صعب,15,2004 | 2005 | 2006 | 2007
q_entertainment_176,entertainment,من هو ملحن النشيد الوطني السعودي؟,عبد الرحمن الخطيب,صعب,15,طارق عبد الحكيم | عبد الرحمن الخطيب | سراج عمر | غازي علي
q_entertainment_177,entertainment,كم جائزة حصل عليها فيلم 'المصير' ليوسف شاهين؟,جائزة لجنة التحكيم في كان,صعب,15,جائزة أفضل فيلم | جائزة لجنة التحكيم في كان | جائزة أفضل إخراج | لم يحصل على جوائز
q_entertainment_178,entertainment,من هو مؤلف مسلسل 'رأفت الهجان'؟,صالح مرسي,متوسط,10,أسامة أنور عكاشة | صالح مرسي | محفوظ عبد الرحمن | وحيد حامد
q_entertainment_179,entertainment,في أي عام توفي الفنان أحمد زكي؟,2005,متوسط,10,2003 | 2004 | 2005 | 2006
q_technology_180,technology,ما هو أول موقع تواصل اجتماعي؟,SixDegrees,صعب,15,Facebook | MySpace | SixDegrees | Friendster
q_technology_181,technology,كم عدد الميجابايت في الجيجابايت؟,1024 ميجابايت,متوسط,10,100 ميجابايت | 1000 ميجابايت | 1024 ميجابايت | 2048 ميجابايت
q_technology_182,technology,من اخترع الإنترنت؟,تيم بيرنرز لي,متوسط,10,بيل غيتس | ستيف جوبز | تيم بيرنرز لي | مارك زوكربيرغ
q_technology_183,technology,ما هو أسرع كمبيوتر في العالم؟,يتغير باستمرار,صعب,15,Summit | Fugaku | يتغير باستمرار | Tianhe-2
q_technology_184,technology,في أي عام أُطلق تويتر؟,2006,متوسط,10,2004 | 2005 | 2006 | 2007
q_technology_185,technology,ما معنى GPS؟,نظام تحديد المواقع العالمي,متوسط,10,نظام تحديد المواقع العالمي | نظام الملاحة العام | نظام التتبع العالمي | نظام المواقع الجغرافية
q_technology_186,technology,كم عدد البكسلات في شاشة 4K؟,8.3 مليون بكسل,صعب,15,2 مليون | 4.1 مليون | 8.3 مليون بكسل | 16 مليون
q_technology_187,technology,ما هي أول لعبة فيديو؟,Pong,صعب,15,Tetris | Pong | Space Invaders | Pac-Man
q_arabic_culture_188,arabic_culture,ما هو الخط العربي الذي يُستخدم في كتابة المصحف؟,الخط العثماني,متوسط,10,الخط الكوفي | خط النسخ | الخط العثماني | خط الرقعة
q_arabic_culture_189,arabic_culture,كم بيتاً من الشعر في معلقة امرؤ القيس؟,82 بيتاً,صعب,15,70 بيتاً | 75 بيتاً | 82 بيتاً | 90 بيتاً
q_arabic_culture_190,arabic_culture,ما هو الطبق الشعبي في مصر؟,الكشري,سهل,5,الكبسة | الكشري | المنسف | الملوخية
q_arabic_culture_191,arabic_culture,من أسس مكتبة الإسكندرية القديمة؟,بطليموس الأول,صعب,15,الإسكندر الأكبر | بطليموس الأول | كليوباترا | رمسيس الثاني
q_arabic_culture_192,arabic_culture,ما هي أقدم مدينة مأهولة في العالم؟,دمشق,متوسط,10,القاهرة | بغداد | دمشق | القدس
q_arabic_culture_193,arabic_culture,كم عدد الأشهر الحُرُم؟,4 أشهر,متوسط,10,3 أشهر | 4 أشهر | 5 أشهر | 6 أشهر
q_arabic_culture_194,arabic_culture,ما هو اليوم الوطني للسعودية؟,23 سبتمبر,سهل,5,21 سبتمبر | 22 سبتمبر | 23 سبتمبر | 24 سبتمبر
q_arabic_culture_195,arabic_culture,من بنى الأزهر الشريف؟,جوهر الصقلي,صعب,15,صلاح الدين | جوهر الصقلي | عمرو بن العاص | أحمد بن طولون
q_arabic_culture_196,arabic_culture,ما هو المكون الرئيسي في الحمص؟,الحمص,سهل,5,العدس | الحمص | الفول | البازلاء
q_arabic_culture_197,arabic_culture,من أي بلد أصل طبق الشاورما؟,تركيا,متوسط,10,لبنان | سوريا | تركيا | اليونان
q_general_198,general,ما هو الطبق الوطني في الأردن؟,المنسف,سهل,5,المقلوبة | المنسف | الزرب | الكبسة
q_general_199,general,كم عدد سكان مصر تقريباً؟,أكثر من 100 مليون,متوسط,10,80 مليون | 90 مليون | أكثر من 100 مليون | 120 مليون
q_geography_200,geography,ما هي أحدث دولة عربية استقلالاً؟,جنوب السودان,صعب,15,الإمارات | قطر | جيبوتي | جنوب السودان
q_general_201,general,أين يقع أطول برج في العالم؟,دبي,سهل,5,نيويورك | دبي | شنغهاي | الرياض
q_history_202,history,من هو مؤسس علم الجبر؟,الخوارزمي,متوسط,10,ابن سينا | الخوارزمي | البيروني | ابن الهيثم
q_science_203,science,من هو أبو الطب العربي؟,ابن سينا,متوسط,10,الرازي | ابن سينا | ابن النفيس | الزهراوي
q_history_204,history,في عهد أي خليفة كانت الدولة الإسلامية في أوج اتساعها؟,الوليد بن عبد الملك,صعب,15,عمر بن الخطاب | هارون الرشيد | الوليد بن عبد الملك | عمر بن عبد العزيز
q_history_205,history,من هو مؤسس الدولة السعودية الأولى؟,محمد بن سعود,متوسط,10,عبد العزيز بن سعود | محمد بن سعود | سعود بن عبد العزيز | تركي بن عبد الله
q_history_206,history,متى سقطت غرناطة آخر معاقل المسلمين في الأندلس؟,1492,متوسط,10,1490 | 1491 | 1492 | 1493
q_history_207,history,من هو الخليفة العباسي في عصر ألف ليلة وليلة؟,هارون الرشيد,سهل,5,المأمون | هارون الرشيد | المعتصم | الأمين
q_history_208,history,في أي معركة انتصر المسلمون على المغول؟,عين جالوت,متوسط,10,حطين | القادسية | عين جالوت | اليرموك
q_history_209,history,من هو آخر سلاطين المماليك في مصر؟,طومان باي,صعب,15,قانصوه الغوري | طومان باي | الأشرف قايتباي | برسباي
q_history_210,history,متى تم اكتشاف النفط في السعودية؟,1938,متوسط,10,1936 | 1937 | 1938 | 1939
q_history_211,history,من هو مؤسس الدولة الطولونية في مصر؟,أحمد بن طولون,صعب,15,عمرو بن العاص | أحمد بن طولون | محمد بن طغج | كافور الإخشيدي
q_history_212,history,متى تم افتتاح قناة السويس؟,1869,متوسط,10,1867 | 1868 | 1869 | 1870
q_history_213,history,من قاد الثورة العربية الكبرى؟,الشريف حسين بن علي,متوسط,10,فيصل بن الحسين | الشريف حسين بن علي | عبد الله بن الحسين | لورنس العرب
q_history_214,history,في أي عام احتل العثمانيون مصر؟,1517,صعب,15,1515 | 1516 | 1517 | 1518
q_geography_215,geography,ما هي أصغر دولة عربية مساحة؟,البحرين,متوسط,10,الكويت | البحرين | قطر | لبنان
q_geography_216,geography,كم دولة عربية في قارة أفريقيا؟,10 دول,صعب,15,8 دول | 9 دول | 10 دول | 11 دولة
q_geography_217,geography,ما هو أطول وادي في السعودية؟,وادي الرمة,صعب,15,وادي حنيفة | وادي الرمة | وادي الدواسر | وادي بيشة
q_geography_218,geography,أين تقع جزر القمر؟,المحيط الهندي,متوسط,10,البحر الأحمر | المحيط الأطلسي | المحيط الهندي | البحر المتوسط
q_geography_219,geography,ما هي العاصمة الإدارية الجديدة لمصر؟,العاصمة الإدارية الجديدة,سهل,5,القاهرة الجديدة | العاصمة الإدارية الجديدة | 6 أكتوبر | العلمين الجديدة
q_geography_220,geography,كم جزيرة في البحرين؟,33 جزيرة,صعب,15,20 جزيرة | 25 جزيرة | 33 جزيرة | 40 جزيرة
q_geography_221,geography,ما هي أكبر واحة في العالم؟,واحة الأحساء,صعب,15,واحة سيوة | واحة الأحساء | واحة الفيوم | واحة الداخلة
q_geography_222,geography,أين يصب نهر الأردن؟,البحر الميت,متوسط,10,البحر الأحمر | البحر المتوسط | البحر الميت | بحيرة طبريا
q_geography_223,geography,ما هي أعلى قمة في الجزائر؟,قمة تاهات,صعب,15,جبل شيليا | قمة تاهات | جبل الأوراس | جبل جرجرة
q_geography_224,geography,كم محافظة في العراق؟,18 محافظة,صعب,15,15 محافظة | 16 محافظة | 18 محافظة | 20 محافظة
q_science_225,science,ما هو العنصر الكيميائي لملح الطعام؟,كلوريد الصوديوم,متوسط,10,كربونات الصوديوم | كلوريد الصوديوم | كبريتات الصوديوم | نترات الصوديوم
q_science_226,science,كم عدد الكروموسومات في الإنسان؟,46 كروموسوم,متوسط,10,44 كروموسوم | 46 كروموسوم | 48 كروموسوم | 50 كروموسوم
q_science_227,science,ما هو أقوى حمض في العالم؟,الحمض الفلوروأنتيمونيك,صعب,15,حمض الكبريتيك | حمض النيتريك | الحمض الفلوروأنتيمونيك | حمض الهيدروكلوريك
q_science_228,science,من اكتشف فصائل الدم؟,كارل لاندشتاينر,صعب,15,لويس باستور | كارل لاندشتاينر | روبرت كوخ | ألكسندر فلمنغ
q_science_229,science,كم يبلغ عدد عضلات جسم الإنسان؟,أكثر من 600 عضلة,متوسط,10,400 عضلة | 500 عضلة | أكثر من 600 عضلة | 700 عضلة
q_science_230,science,ما هو أصغر جزء في الذرة؟,الكوارك,صعب,15,الإلكترون | البروتون | النيوترون | الكوارك
q_science_231,science,كم تبلغ درجة الحرارة في مركز الشمس؟,15 مليون درجة مئوية,صعب,15,1 مليون درجة | 5 مليون درجة | 10 مليون درجة | 15 مليون درجة مئوية
q_science_232,science,ما هو أسرع حيوان بحري؟,سمكة الزعنفة الشراعية,صعب,15,القرش | الدولفين | سمكة الزعنفة الشراعية | الحوت
q_science_233,science,كم عدد حجرات قلب التمساح؟,4 حجرات,صعب,15,2 حجرة | 3 حجرات | 4 حجرات | 5 حجرات
q_science_234,science,ما هو أكبر كوكب في المجموعة الشمسية؟,المشتري,سهل,5,زحل | المشتري | أورانوس | نبتون
q_history_235,history,متى تأسس مجلس التعاون الخليجي؟,1981,متوسط,10,1979 | 1980 | 1981 | 1982
q_geography_236,geography,ما هي أكبر جزيرة كويتية؟,بوبيان,صعب,15,فيلكا | وربة | بوبيان | كبر
q_sports_237,sports,كم مرة فازت السعودية بكأس آسيا؟,3 مرات,متوسط,10,مرتان | 3 مرات | 4 مرات | 5 مرات
q_arabic_culture_238,arabic_culture,ما هو الزي التقليدي للمرأة الكويتية؟,الدراعة,متوسط,10,العباءة | الدراعة | الثوب | البشت
q_general_239,general,ما هي عملة البحرين؟,الدينار البحريني,سهل,5,الريال | الدرهم | الدينار البحريني | الريال البحريني
q_history_240,history,من هو مؤسس دولة قطر الحديثة؟,الشيخ جاسم بن محمد,صعب,15,الشيخ حمد بن خليفة | الشيخ جاسم بن محمد | الشيخ خليفة بن حمد | الشيخ تميم
q_geography_241,geography,كم تبلغ مساحة دولة الإمارات تقريباً؟,"83,600 كم²",صعب,15,"71,000 كم² | 83,600 كم² | 95,000 كم² | 105,000 كم²"
q_arabic_culture_242,arabic_culture,ما هو الطبق الشعبي في الكويت؟,المجبوس,سهل,5,الكبسة | المجبوس | المندي | البرياني
q_general_243,general,في أي عام استضافت قطر كأس العالم؟,2022,سهل,5,2020 | 2021 | 2022 | 2023
q_history_244,history,متى انضمت الكويت للأمم المتحدة؟,1963,صعب,15,1961 | 1962 | 1963 | 1964
q_religion_245,religion,كم عدد الأحزاب في القرآن؟,60 حزباً,متوسط,10,30 حزباً | 40 حزباً | 60 حزباً | 80 حزباً
q_religion_246,religion,من هو أول من أذن في الإسلام؟,بلال بن رباح,سهل,5,عمر بن الخطاب | بلال بن رباح | أبو بكر الصديق | علي بن أبي طالب
q_religion_247,religion,كم مرة ذُكرت كلمة 'الصلاة' في القرآن؟,67 مرة,صعب,15,50 مرة | 60 مرة | 67 مرة | 75 مرة
q_religion_248,religion,ما هي السورة التي تُسمى عروس القرآن؟,سورة الرحمن,متوسط,10,سورة مريم | سورة الرحمن | سورة الواقعة | سورة الملك
q_religion_249,religion,كم عدد آيات سورة الفاتحة؟,7 آيات,سهل,5,5 آيات | 6 آيات | 7 آيات | 8 آيات
q_history_250,history,في أي عام وقعت غزوة أحد؟,3 هجري,متوسط,10,2 هجري | 3 هجري | 4 هجري | 5 هجري
q_religion_251,religion,من هو النبي الذي لُقب بخليل الله؟,إبراهيم عليه السلام,سهل,5,موسى | إبراهيم عليه السلام | عيسى | محمد
q_religion_252,religion,كم مرة حج النبي محمد؟,مرة واحدة,متوسط,10,مرة واحدة | مرتان | ثلاث مرات | أربع مرات
q_religion_253,religion,ما هي أقصر سورة في القرآن؟,سورة الكوثر,سهل,5,سورة الإخلاص | سورة الكوثر | سورة العصر | سورة الناس
q_history_254,history,من هو أول شهيد في الإسلام؟,سمية بنت خياط,متوسط,10,حمزة بن عبد المطلب | سمية بنت خياط | ياسر بن عامر | عمار بن ياسر
q_technology_255,technology,متى أُطلق ChatGPT؟,2022,متوسط,10,2020 | 2021 | 2022 | 2023
q_sports_256,sports,من فاز بكأس العالم 2022؟,الأرجنتين,سهل,5,فرنسا | الأرجنتين | البرازيل | كرواتيا
q_general_257,general,ما هو مشروع نيوم؟,مدينة ذكية في السعودية,سهل,5,مشروع سياحي | مدينة ذكية في السعودية | شركة تقنية | مشروع طاقة
q_technology_258,technology,من اشترى تويتر في 2022؟,إيلون ماسك,سهل,5,جيف بيزوس | إيلون ماسك | بيل غيتس | مارك زوكربيرغ
q_arabic_culture_259,arabic_culture,أين أقيمت إكسبو 2020؟,دبي,سهل,5,الرياض | دبي | الدوحة | القاهرة
q_science_260,science,كم يساوي 15% من 200؟,30,سهل,5,20 | 25 | 30 | 35
q_science_261,science,ما هو ناتج 7 × 8؟,56,سهل,5,54 | 56 | 58 | 60
q_science_262,science,كم ضلعاً في الشكل السداسي؟,6 أضلاع,سهل,5,5 أضلاع | 6 أضلاع | 7 أضلاع | 8 أضلاع
q_literature_263,literature,ما هو جمع كلمة 'مفتاح'؟,مفاتيح,سهل,5,مفاتح | مفاتيح | أمفتاح | مفتوحات
q_literature_264,literature,ما هو مضاد كلمة 'نهار'؟,ليل,سهل,5,صباح | مساء | ليل | فجر
q_general_265,general,كم عدد النقاط على النرد؟,21 نقطة,متوسط,10,18 نقطة | 20 نقطة | 21 نقطة | 24 نقطة
q_general_266,general,ما هو لون الصندوق الأسود في الطائرة؟,برتقالي,صعب,15,أسود | أحمر | برتقالي | أصفر
q_entertainment_267,entertainment,كم عدد المربعات في رقعة الشطرنج؟,64 مربعاً,متوسط,10,48 مربعاً | 56 مربعاً | 64 مربعاً | 72 مربعاً
q_science_268,science,كم عدد الأسنان اللبنية عند الأطفال؟,20 سناً,متوسط,10,16 سناً | 18 سناً | 20 سناً | 24 سناً
q_science_269,science,ما هي فصيلة الدم الأكثر ندرة؟,AB سالب,صعب,15,O سالب | AB سالب | B سالب | A سالب
